{"cameraMode":{"drawMode":0,"name":"Shaded","section":"Shading Mode"},"sceneLighting":true,"audioPlay":false,"sceneViewState":{"m_AlwaysRefresh":false,"showFog":true,"showSkybox":true,"showFlares":true,"showImageEffects":true,"showParticleSystems":true,"showVisualEffectGraphs":true,"m_FxEnabled":true},"in2DMode":false,"pivot":{"x":-67.33039093017578,"y":19.19207763671875,"z":369.09832763671877},"rotation":{"x":0.034403201192617419,"y":0.3379947245121002,"z":0.008057978935539723,"w":-0.9410512447357178},"size":4.947791576385498,"orthographic":false}