{"cameraMode":{"drawMode":0,"name":"Shaded","section":"Shading Mode"},"sceneLighting":true,"audioPlay":false,"sceneViewState":{"m_AlwaysRefresh":false,"showFog":true,"showSkybox":true,"showFlares":true,"showImageEffects":true,"showParticleSystems":true,"showVisualEffectGraphs":true,"m_FxEnabled":true},"in2DMode":false,"pivot":{"x":571.6231689453125,"y":254.43576049804688,"z":10.120010375976563},"rotation":{"x":0.10572236031293869,"y":-0.1536416858434677,"z":0.01789049245417118,"w":0.9825316071510315},"size":77.81498718261719,"orthographic":true}