{"cameraMode":{"drawMode":0,"name":"Shaded","section":"Shading Mode"},"sceneLighting":true,"audioPlay":false,"sceneViewState":{"m_AlwaysRefresh":false,"showFog":true,"showSkybox":true,"showFlares":true,"showImageEffects":true,"showParticleSystems":true,"showVisualEffectGraphs":true,"m_FxEnabled":true},"in2DMode":false,"pivot":{"x":312.62701416015627,"y":186.28306579589845,"z":-164.06089782714845},"rotation":{"x":0.0006854790262877941,"y":-0.10265914350748062,"z":0.0021250296849757435,"w":0.9949648976325989},"size":0.07415022701025009,"orthographic":false}