{"cameraMode":{"drawMode":0,"name":"Shaded","section":"Shading Mode"},"sceneLighting":true,"audioPlay":false,"sceneViewState":{"m_AlwaysRefresh":false,"showFog":true,"showSkybox":true,"showFlares":true,"showImageEffects":true,"showParticleSystems":true,"showVisualEffectGraphs":true,"m_FxEnabled":true},"in2DMode":false,"pivot":{"x":307.57611083984377,"y":201.1561737060547,"z":-6.105987548828125},"rotation":{"x":-0.11287006735801697,"y":-0.0024839993566274645,"z":0.00020089994359295815,"w":0.993704080581665},"size":171.85726928710938,"orthographic":false}