{"cameraMode":{"drawMode":0,"name":"Shaded","section":"Shading Mode"},"sceneLighting":true,"audioPlay":false,"sceneViewState":{"m_AlwaysRefresh":false,"showFog":true,"showSkybox":true,"showFlares":true,"showImageEffects":true,"showParticleSystems":true,"showVisualEffectGraphs":true,"m_FxEnabled":true},"in2DMode":false,"pivot":{"x":234.8036346435547,"y":11.380148887634278,"z":-341.4742431640625},"rotation":{"x":0.18850305676460267,"y":0.04596317186951637,"z":0.005480921361595392,"w":-0.9815113544464111},"size":4.947791576385498,"orthographic":false}